{
  "snr_values": [
    5,
    10,
    15,
    20,
    25
  ],
  "nmse_db": {
    "LS": [
      -6.4180097579956055,
      -10.66533088684082,
      -14.237876892089844,
      -16.290451049804688,
      -17.41910743713379
    ],
    "MMSE": [
      -9.184399604797363,
      -13.190164566040039,
      -17.973628997802734,
      -23.003843307495117,
      -28.01682472229004
    ],
    "DNN": [
      -7.702481746673584,
      -11.517667770385742,
      -14.987241744995117,
      -17.42885398864746,
      -18.59318733215332
    ],
    "RealUNet": [
      -6.181632041931152,
      -9.146480560302734,
      -13.325018882751465,
      -17.91074562072754,
      -20.570219039916992
    ],
    "ComplexUNet": [
      -5.882838249206543,
      -9.348278999328613,
      -13.635026931762695,
      -17.286645889282227,
      -19.787500381469727
    ]
  },
  "ber": {
    "LS": [
      0.15825,
      0.069546875,
      0.028875,
      0.013921875,
      0.00909375
    ],
    "MMSE": [
      0.132421875,
      0.057109375,
      0.0183125,
      0.00646875,
      0.0015625
    ],
    "DNN": [
      0.150453125,
      0.065875,
      0.02609375,
      0.01084375,
      0.00665625
    ],
    "RealUNet": [
      0.169375,
      0.084390625,
      0.033140625,
      0.011875,
      0.00503125
    ],
    "ComplexUNet": [
      0.172484375,
      0.082546875,
      0.03096875,
      0.012515625,
      0.005890625
    ]
  }
}