{"ComplexUNet": {"epochs": [1, 2, 3, 4, 5, 6, 7, 8, 9, 10, 11, 12, 13, 14, 15, 16, 17, 18, 19, 20, 21, 22, 23, 24, 25, 26, 27, 28, 29, 30, 31, 32, 33, 34, 35, 36, 37, 38, 39, 40, 41, 42, 43, 44, 45, 46, 47, 48, 49, 50, 51, 52, 53, 54, 55, 56, 57, 58, 59, 60, 61, 62, 63, 64, 65, 66, 67, 68, 69, 70, 71, 72, 73, 74, 75, 76, 77, 78, 79, 80, 81, 82, 83, 84, 85, 86, 87, 88, 89, 90, 91, 92, 93, 94, 95, 96, 97, 98, 99, 100, 101, 102, 103, 104, 105, 106, 107, 108, 109, 110, 111, 112, 113, 114, 115, 116, 117, 118, 119, 120, 121, 122, 123, 124, 125, 126, 127, 128, 129, 130, 131, 132, 133, 134, 135, 136, 137, 138, 139, 140, 141, 142, 143, 144, 145, 146, 147, 148, 149, 150, 151, 152, 153], "train_losses": [0.531465, 0.179136, 0.126737, 0.108413, 0.094228, 0.08693, 0.083023, 0.078302, 0.071731, 0.071192, 0.067311, 0.06815, 0.064984, 0.062554, 0.062178, 0.059375, 0.058239, 0.058549, 0.056994, 0.056483, 0.05421, 0.05557, 0.05474, 0.055365, 0.052622, 0.05392, 0.051898, 0.052461, 0.050486, 0.049238, 0.051554, 0.048527, 0.049024, 0.048948, 0.050047, 0.049162, 0.046732, 0.047321, 0.0465, 0.047351, 0.045089, 0.048533, 0.046437, 0.047442, 0.047398, 0.046453, 0.046646, 0.046782, 0.048079, 0.046058, 0.045338, 0.04532, 0.04572, 0.045514, 0.045775, 0.044256, 0.04473, 0.045622, 0.045624, 0.045169, 0.044551, 0.045315, 0.043772, 0.044342, 0.043979, 0.044738, 0.04355, 0.043688, 0.044498, 0.043179, 0.04419, 0.043368, 0.043951, 0.042262, 0.042475, 0.043193, 0.044253, 0.043023, 0.041648, 0.042706, 0.0428, 0.041967, 0.042694, 0.042663, 0.042375, 0.042734, 0.042944, 0.041902, 0.042362, 0.041867, 0.041493, 0.042851, 0.041779, 0.041337, 0.041092, 0.041751, 0.043132, 0.042628, 0.041599, 0.041331, 0.041773, 0.041027, 0.041897, 0.041211, 0.043189, 0.041022, 0.039898, 0.040808, 0.041239, 0.042879, 0.040437, 0.04166, 0.040483, 0.03984, 0.040908, 0.041913, 0.040969, 0.041111, 0.040791, 0.039893, 0.040424, 0.041347, 0.041353, 0.04066, 0.041202, 0.039313, 0.04042, 0.040732, 0.040217, 0.03995, 0.040971, 0.039652, 0.039929, 0.039699, 0.041856, 0.039134, 0.038968, 0.039789, 0.039578, 0.039186, 0.041098, 0.039883, 0.039342, 0.04044, 0.03989, 0.039176, 0.040196, 0.039523, 0.038801, 0.03909, 0.038141, 0.039398, 0.039473], "val_nmses": [-8.53, -11.19, -12.08, -12.58, -12.97, -13.32, -13.26, -13.54, -13.34, -14.08, -14.22, -13.72, -14.22, -14.48, -14.63, -14.58, -14.88, -14.79, -14.81, -14.83, -14.91, -14.93, -14.95, -15.16, -15.16, -15.08, -15.33, -15.3, -15.24, -15.4, -15.15, -15.32, -15.38, -15.39, -14.85, -15.33, -15.5, -15.51, -15.47, -15.25, -15.57, -15.37, -15.29, -15.54, -15.67, -15.6, -15.44, -15.53, -15.44, -15.61, -15.57, -15.62, -15.61, -15.67, -15.49, -15.63, -15.54, -15.51, -15.58, -15.69, -15.64, -15.68, -15.78, -15.69, -15.67, -15.44, -15.77, -15.65, -15.59, -15.75, -15.73, -15.55, -15.57, -15.82, -15.8, -15.72, -15.46, -15.82, -15.82, -15.81, -15.87, -15.64, -15.72, -15.61, -15.65, -15.79, -15.76, -15.8, -15.76, -15.84, -15.69, -15.81, -15.8, -15.83, -15.81, -15.86, -15.67, -15.74, -15.76, -15.73, -15.64, -15.73, -15.54, -15.88, -15.85, -15.82, -15.86, -15.87, -15.95, -15.9, -15.84, -15.87, -15.66, -15.83, -15.74, -15.94, -15.77, -15.91, -15.97, -15.86, -15.91, -15.82, -16.01, -15.87, -15.73, -15.79, -15.76, -15.9, -15.83, -15.86, -15.88, -15.89, -15.94, -15.86, -15.85, -15.86, -15.94, -15.88, -15.93, -15.86, -15.84, -15.91, -15.94, -15.79, -15.84, -15.79, -15.93, -15.86, -15.95, -15.92, -15.88, -15.88, -15.92]}, "RealUNet": {"epochs": [1, 2, 3, 4, 5, 6, 7, 8, 9, 10, 11, 12, 13, 14, 15, 16, 17, 18, 19, 20, 21, 22, 23, 24, 25, 26, 27, 28, 29, 30, 31, 32, 33, 34, 35, 36, 37, 38, 39, 40, 41, 42, 43, 44, 45, 46, 47, 48, 49, 50, 51, 52, 53, 54, 55, 56, 57, 58, 59, 60, 61, 62, 63, 64, 65, 66, 67, 68, 69, 70, 71, 72, 73, 74, 75, 76, 77, 78, 79, 80, 81, 82, 83, 84, 85, 86, 87, 88, 89, 90, 91, 92, 93, 94, 95, 96, 97, 98, 99, 100, 101, 102, 103, 104, 105, 106, 107, 108, 109, 110, 111, 112, 113, 114, 115, 116, 117, 118, 119, 120, 121, 122, 123, 124, 125, 126, 127, 128, 129, 130, 131, 132, 133, 134, 135, 136, 137, 138, 139, 140, 141, 142, 143, 144, 145, 146, 147, 148, 149, 150, 151, 152, 153, 154, 155, 156, 157, 158, 159, 160, 161, 162, 163, 164, 165, 166], "train_losses": [0.572232, 0.182007, 0.124923, 0.103716, 0.094599, 0.085641, 0.082299, 0.075768, 0.071662, 0.071841, 0.066644, 0.064208, 0.064362, 0.063091, 0.059551, 0.059778, 0.058961, 0.058447, 0.060472, 0.056285, 0.056236, 0.054612, 0.053184, 0.0531, 0.051234, 0.050573, 0.051851, 0.051594, 0.051082, 0.051029, 0.049765, 0.049177, 0.049118, 0.048429, 0.048775, 0.047446, 0.046579, 0.048707, 0.047054, 0.047291, 0.047941, 0.045592, 0.047769, 0.048269, 0.046778, 0.046618, 0.044946, 0.045151, 0.045822, 0.045499, 0.045683, 0.045549, 0.046424, 0.045543, 0.04513, 0.044677, 0.044504, 0.043428, 0.045571, 0.043307, 0.045883, 0.046093, 0.042996, 0.045105, 0.043791, 0.043495, 0.041965, 0.043423, 0.042535, 0.044499, 0.04333, 0.042413, 0.042932, 0.043872, 0.044242, 0.043475, 0.043698, 0.043419, 0.042057, 0.043095, 0.044663, 0.042491, 0.043038, 0.042581, 0.041947, 0.041717, 0.042995, 0.04312, 0.042059, 0.042207, 0.042689, 0.042254, 0.042445, 0.04116, 0.041811, 0.042205, 0.041169, 0.042146, 0.041373, 0.042559, 0.041108, 0.041485, 0.041301, 0.04152, 0.041378, 0.041681, 0.040967, 0.041047, 0.042682, 0.04061, 0.04169, 0.041311, 0.04004, 0.040428, 0.0409, 0.042006, 0.039972, 0.039585, 0.039669, 0.040187, 0.039723, 0.040518, 0.039885, 0.040668, 0.039863, 0.040804, 0.040842, 0.040824, 0.039803, 0.040806, 0.040075, 0.039835, 0.039712, 0.040138, 0.039059, 0.040411, 0.039111, 0.04075, 0.041186, 0.039245, 0.039558, 0.039542, 0.039573, 0.03868, 0.03999, 0.039392, 0.039858, 0.039392, 0.039757, 0.03788, 0.038742, 0.038971, 0.038508, 0.038631, 0.03868, 0.037964, 0.039529, 0.039788, 0.039004, 0.038115, 0.038538, 0.039053, 0.038595, 0.038898, 0.038112, 0.038748], "val_nmses": [-7.36, -11.18, -12.22, -12.68, -13.15, -13.29, -13.7, -13.66, -13.77, -14.15, -14.13, -14.39, -14.35, -14.29, -14.65, -14.45, -14.72, -14.85, -14.96, -14.94, -14.88, -14.86, -14.77, -15.01, -14.59, -15.02, -15.04, -15.26, -15.24, -14.92, -15.34, -15.5, -15.41, -15.44, -15.37, -15.45, -15.26, -15.57, -15.21, -15.59, -15.52, -15.31, -15.25, -15.46, -15.47, -15.38, -15.64, -15.48, -15.41, -15.63, -15.52, -15.65, -15.44, -15.48, -15.67, -15.45, -15.63, -15.68, -15.72, -15.43, -15.4, -15.72, -15.66, -15.65, -15.83, -15.62, -15.69, -15.59, -15.72, -15.56, -15.6, -15.75, -15.8, -15.66, -15.21, -15.57, -15.75, -15.72, -15.62, -15.72, -15.67, -15.71, -15.77, -15.75, -15.67, -15.79, -15.81, -15.76, -15.7, -15.72, -15.88, -15.6, -15.78, -15.7, -15.8, -15.87, -15.79, -15.8, -15.87, -15.79, -15.75, -15.74, -15.83, -15.69, -15.77, -15.87, -15.96, -15.75, -15.62, -15.9, -15.78, -15.75, -15.68, -15.79, -15.67, -15.97, -15.68, -15.85, -15.97, -15.8, -15.9, -15.9, -15.79, -15.99, -15.95, -15.79, -15.65, -15.89, -15.91, -15.96, -15.91, -15.83, -15.98, -15.77, -15.97, -16.03, -15.8, -15.94, -15.85, -15.84, -15.89, -15.69, -15.88, -15.97, -15.83, -15.94, -15.92, -15.9, -15.98, -15.96, -15.98, -15.94, -15.99, -15.96, -15.92, -15.93, -15.92, -15.8, -15.88, -15.92, -15.89, -15.81, -15.99, -15.91, -15.91, -15.9]}}